<?xml version="1.0" encoding="UTF-8"?>
<!DOCTYPE mapper
PUBLIC "-//mybatis.org//DTD Mapper 3.0//EN"
"http://mybatis.org/dtd/mybatis-3-mapper.dtd">

<mapper namespace="com.gun.board.dao.MessageDAO">
	<insert id="sendMessage" parameterType="Message">
		insert into board_message
		(message_num, cus_id,friend_id,message_title,message,cus_status,friend_status,board_num)
		values(BOARD_MESSAGE_SEQ.NEXTVAL, #{cus_id},#{friend_id},#{message_title},#{message},'sent','receive',#{board_num})
	</insert>
	<select id="getMessage" parameterType="Map" resultType="Message">
		select* from board_message
		<choose>
			<when test="category=='read'">
				where friend_id=#{cus_id} and friend_status!='delete'
			</when>
			<when test="category=='sent'">
				where cus_id=#{cus_id} and cus_status!='delete'
			</when>
		</choose>
		order by message_date
	</select>

	<select id="get" resultType="Message">
		select* from board_message where
		message_num=#{message_num}
	</select>

	<update id="readMessage" parameterType="Map">
		update board_message
		<choose>
			<when test="category==0">
				set cus_status='read'
			</when>
			<when test="category==1">
				set friend_status='read'
			</when>
		</choose>
		where
		message_num=#{message_num}
	</update>
	<delete id="delete" parameterType="_int">
		delete from board_message
		where message_num=#{message_num}
	</delete>
	<update id="deleteStatus" parameterType="Map">
		update board_message
		<choose>
			<when test="category==0">
				set friend_status='delete'
			</when>
			<when test="category==1">
				set cus_status='delete'
			</when>
		</choose>
		where message_num=#{message_num}
	</update>
	<select id="numofMessage" parameterType="Map" resultType="_int">
		select count(*) from board_message
		<choose>
			<when test="category=='read'">
				where friend_id=#{cus_id} and friend_status='receive'
			</when>
			<when test="category=='sent'">
				where cus_id=#{cus_id} and cus_status='sent'
			</when>
		</choose>
	</select>
</mapper>